customer_id,name,email,age,purchase_frequency,phone
1,Sundar Torvalds,invalid_email,5,low,0722-250865
2,Jeff Pichai,invalid_email,51,high,0776-947453
3,Larry Page,larry.page@example.com,32,low,0721-396539
4,Larry Gates,larry.gates@example.com,53,high,0796-822934
5,Elon Pichai,elon.pichai@example.com,96,high,0713-495189
6,Mark Torvalds,mark.torvalds@example.com,,low,0776-543945
7,Steve Torvalds,steve.torvalds@example.com,44,high,0780-151609
8,Bill Zuckerberg,invalid_email,,high,0710-308112
9,Steve Bezos,invalid_email,25,high,0795-933114
10,Sergey Brin,sergey.brin@example.com,84,low,0714-976248
11,Sundar Nadella,sundar.nadella@example.com,57,low,0745-771634
12,Satya Nadella,satya.nadella@example.com,,high,0726-152438
13,Mark Brin,invalid_email,,high,0798-583054
14,Sundar Pichai,sundar.pichai@example.com,92,low,0769-500775
15,Satya Zuckerberg,satya.zuckerberg@example.com,65,medium,0719-848390
16,Linus Musk,invalid_email,,low,0716-795470
17,Steve Brin,invalid_email,29,low,0774-715049
18,Sergey Pichai,sergey.pichai@example.com,75,high,0771-666999
19,Satya Jobs,satya.jobs@example.com,23,high,0768-589542
20,Mark Gates,invalid_email,,medium,0755-420550
21,Jeff Zuckerberg,invalid_email,10,medium,0710-768405
22,Elon Page,elon.page@example.com,38,high,0749-995502
23,Sergey Zuckerberg,sergey.zuckerberg@example.com,,high,0786-952390
24,Mark Page,mark.page@example.com,18,high,0767-735982
25,Satya Brin,satya.brin@example.com,22,medium,0726-656196
26,Satya Gates,satya.gates@example.com,56,medium,0749-186362
27,Linus Jobs,linus.jobs@example.com,,low,0777-770594
28,Larry Pichai,larry.pichai@example.com,,high,0756-583952
29,Sundar Gates,sundar.gates@example.com,54,low,0737-846989
30,Mark Page,mark.page@example.com,,low,0785-768386
31,Elon Page,elon.page@example.com,87,low,0793-514870
32,Steve Pichai,steve.pichai@example.com,97,medium,0754-277020
33,Sundar Jobs,sundar.jobs@example.com,88,high,0764-170041
34,Mark Nadella,invalid_email,,medium,0785-887119
35,Satya Brin,satya.brin@example.com,77,medium,0750-406881
36,Steve Brin,steve.brin@example.com,26,medium,0745-361234
37,Jeff Bezos,jeff.bezos@example.com,,low,0756-834506
38,Linus Brin,linus.brin@example.com,58,medium,0783-806499
39,Mark Gates,mark.gates@example.com,11,high,0712-874826
40,Linus Brin,linus.brin@example.com,52,low,0734-412448
41,Sundar Gates,sundar.gates@example.com,,medium,0735-142637
42,Satya Brin,invalid_email,90,high,0757-872619
43,Sergey Gates,sergey.gates@example.com,61,medium,0757-187238
44,Larry Pichai,larry.pichai@example.com,0,high,0755-375928
45,Elon Gates,invalid_email,69,high,0732-156758
46,Sergey Page,invalid_email,,high,0779-757933
47,Satya Bezos,invalid_email,34,medium,0724-879226
48,Larry Jobs,larry.jobs@example.com,96,high,0741-354977
49,Sundar Jobs,invalid_email,50,high,0717-761785
50,Elon Pichai,invalid_email,,medium,0743-241305
51,Satya Gates,invalid_email,63,high,0749-279569
52,Sundar Gates,sundar.gates@example.com,59,medium,0776-349976
53,Larry Pichai,larry.pichai@example.com,,medium,0710-411872
54,Sundar Page,sundar.page@example.com,56,medium,0732-190859
55,Mark Bezos,mark.bezos@example.com,57,low,0738-702212
56,Sergey Nadella,sergey.nadella@example.com,33,low,0728-339310
57,Mark Musk,mark.musk@example.com,,medium,0774-294760
58,Bill Gates,bill.gates@example.com,6,low,0734-238794
59,Bill Bezos,bill.bezos@example.com,51,low,0762-818631
60,Steve Jobs,steve.jobs@example.com,69,low,0719-314360
61,Linus Page,linus.page@example.com,40,high,0766-224915
62,Satya Bezos,satya.bezos@example.com,97,medium,0746-908602
63,Linus Zuckerberg,linus.zuckerberg@example.com,51,high,0760-559831
64,Linus Bezos,linus.bezos@example.com,77,high,0753-141455
65,Mark Torvalds,mark.torvalds@example.com,,low,0733-515338
66,Satya Brin,satya.brin@example.com,,high,0733-172157
67,Larry Jobs,larry.jobs@example.com,45,low,0757-431620
68,Satya Nadella,invalid_email,79,medium,0787-652269
69,Mark Page,mark.page@example.com,,medium,0733-418933
70,Jeff Torvalds,invalid_email,3,medium,0747-231820
71,Larry Jobs,larry.jobs@example.com,35,low,0786-931332
72,Bill Gates,bill.gates@example.com,72,medium,0795-719673
73,Jeff Pichai,jeff.pichai@example.com,59,medium,0739-961349
74,Linus Gates,linus.gates@example.com,12,low,0793-227807
75,Larry Bezos,larry.bezos@example.com,45,medium,0741-899975
76,Sergey Bezos,sergey.bezos@example.com,19,low,0724-879683
77,Bill Brin,invalid_email,,low,0720-699613
78,Jeff Torvalds,invalid_email,,low,0749-399909
79,Linus Zuckerberg,linus.zuckerberg@example.com,,high,0786-324617
80,Sundar Nadella,invalid_email,,low,0738-559798
81,Bill Pichai,bill.pichai@example.com,69,low,0759-941019
82,Bill Musk,bill.musk@example.com,100,high,0719-610495
83,Mark Pichai,mark.pichai@example.com,33,high,0737-439154
84,Linus Brin,linus.brin@example.com,81,high,0798-149196
85,Sundar Gates,sundar.gates@example.com,,low,0739-882383
86,Sergey Musk,invalid_email,,medium,0721-882078
87,Satya Jobs,invalid_email,100,high,0751-829938
88,Sergey Musk,sergey.musk@example.com,,medium,0743-489802
89,Sundar Pichai,sundar.pichai@example.com,38,medium,0761-663709
90,Larry Zuckerberg,larry.zuckerberg@example.com,18,low,0739-417977
91,Elon Gates,elon.gates@example.com,13,high,0788-482385
92,Steve Bezos,steve.bezos@example.com,22,high,0723-612888
93,Sergey Torvalds,sergey.torvalds@example.com,81,medium,0789-762374
94,Linus Musk,linus.musk@example.com,24,low,0759-540977
95,Elon Jobs,elon.jobs@example.com,97,medium,0754-411413
96,Jeff Nadella,jeff.nadella@example.com,25,high,0797-769274
97,Sergey Musk,sergey.musk@example.com,2,low,0783-969003
98,Linus Nadella,linus.nadella@example.com,76,high,0796-118035
99,Sundar Nadella,sundar.nadella@example.com,4,medium,0737-835475
100,Bill Pichai,bill.pichai@example.com,,medium,0796-194436
101,Mark Pichai,mark.pichai@example.com,94,low,0772-603441
102,Steve Page,steve.page@example.com,,high,0773-942361
103,Sundar Zuckerberg,sundar.zuckerberg@example.com,18,medium,0779-568719
104,Sergey Nadella,sergey.nadella@example.com,99,medium,0716-627093
105,Jeff Torvalds,invalid_email,14,low,0759-240725
106,Larry Nadella,larry.nadella@example.com,83,high,0722-193640
107,Mark Jobs,invalid_email,44,low,0797-420295
108,Elon Musk,elon.musk@example.com,57,medium,0742-113498
109,Mark Musk,mark.musk@example.com,,high,0745-898910
110,Linus Bezos,linus.bezos@example.com,,high,0735-262561
111,Bill Jobs,bill.jobs@example.com,22,medium,0794-541107
112,Sergey Torvalds,sergey.torvalds@example.com,,high,0729-825963
113,Linus Nadella,linus.nadella@example.com,25,low,0711-731999
114,Bill Musk,bill.musk@example.com,35,medium,0743-555901
115,Bill Musk,invalid_email,37,low,0742-624291
116,Sergey Gates,sergey.gates@example.com,47,low,0779-638488
117,Satya Page,satya.page@example.com,0,high,0780-875125
118,Elon Bezos,invalid_email,99,medium,0721-982009
119,Linus Zuckerberg,linus.zuckerberg@example.com,,medium,0789-964100
120,Sundar Bezos,sundar.bezos@example.com,55,low,0718-359402
121,Linus Musk,linus.musk@example.com,81,low,0785-969824
122,Larry Pichai,larry.pichai@example.com,65,low,0777-616010
123,Larry Page,larry.page@example.com,,high,0745-404956
124,Jeff Page,jeff.page@example.com,33,high,0788-229407
125,Mark Gates,mark.gates@example.com,38,medium,0744-174679
126,Elon Musk,elon.musk@example.com,66,high,0768-445131
127,Steve Musk,steve.musk@example.com,48,high,0757-187624
128,Larry Bezos,larry.bezos@example.com,17,low,0758-729441
129,Sergey Nadella,sergey.nadella@example.com,93,high,0732-469581
130,Bill Bezos,bill.bezos@example.com,,low,0729-751936
131,Satya Bezos,satya.bezos@example.com,98,medium,0713-207216
132,Sundar Nadella,sundar.nadella@example.com,7,low,0768-557036
133,Larry Pichai,larry.pichai@example.com,65,low,0719-890056
134,Sergey Page,sergey.page@example.com,86,medium,0755-943475
135,Sergey Torvalds,sergey.torvalds@example.com,77,medium,0784-355711
136,Satya Gates,satya.gates@example.com,96,low,0721-502476
137,Sundar Jobs,sundar.jobs@example.com,,low,0762-616974
138,Jeff Jobs,jeff.jobs@example.com,99,high,0752-879723
139,Larry Musk,larry.musk@example.com,35,low,0730-917735
140,Sergey Torvalds,sergey.torvalds@example.com,99,low,0796-145081
141,Larry Bezos,invalid_email,96,medium,0744-275316
142,Satya Page,satya.page@example.com,10,medium,0745-454700
143,Larry Gates,invalid_email,,low,0797-588201
144,Sergey Zuckerberg,sergey.zuckerberg@example.com,57,medium,0745-628152
145,Linus Zuckerberg,linus.zuckerberg@example.com,93,medium,0789-799622
146,Jeff Nadella,invalid_email,63,medium,0765-769601
147,Linus Pichai,linus.pichai@example.com,13,high,0744-841395
148,Larry Jobs,larry.jobs@example.com,30,high,0760-213891
149,Sergey Jobs,invalid_email,2,medium,0743-189927
150,Elon Nadella,elon.nadella@example.com,,medium,0734-275752
151,Satya Bezos,satya.bezos@example.com,80,low,0733-686594
152,Elon Zuckerberg,elon.zuckerberg@example.com,74,low,0712-855629
153,Steve Gates,steve.gates@example.com,34,medium,0773-328932
154,Jeff Page,jeff.page@example.com,41,low,0728-602484
155,Satya Nadella,satya.nadella@example.com,64,medium,0755-802854
156,Satya Nadella,satya.nadella@example.com,2,low,0720-717870
157,Steve Musk,steve.musk@example.com,77,medium,0711-863328
158,Linus Zuckerberg,linus.zuckerberg@example.com,89,medium,0798-562396
159,Satya Nadella,satya.nadella@example.com,75,high,0764-661254
160,Elon Zuckerberg,elon.zuckerberg@example.com,65,medium,0778-876967
161,Mark Musk,mark.musk@example.com,,medium,0744-474404
162,Sundar Musk,sundar.musk@example.com,65,low,0798-270588
163,Jeff Nadella,jeff.nadella@example.com,25,low,0713-930071
164,Bill Jobs,bill.jobs@example.com,69,high,0797-912711
165,Sergey Gates,invalid_email,35,low,0713-492760
166,Larry Brin,larry.brin@example.com,19,low,0786-865297
167,Sergey Jobs,sergey.jobs@example.com,61,high,0764-776779
168,Mark Jobs,mark.jobs@example.com,42,medium,0765-965538
169,Satya Torvalds,satya.torvalds@example.com,38,low,0727-656589
170,Linus Gates,linus.gates@example.com,97,low,0781-741146
171,Satya Musk,satya.musk@example.com,15,medium,0792-372679
172,Satya Torvalds,satya.torvalds@example.com,46,low,0732-694882
173,Sundar Musk,sundar.musk@example.com,84,high,0712-515143
174,Larry Jobs,larry.jobs@example.com,84,low,0762-924026
175,Mark Bezos,invalid_email,32,low,0774-738365
176,Elon Pichai,elon.pichai@example.com,,medium,0745-548471
177,Steve Page,steve.page@example.com,,medium,0721-818108
178,Sundar Zuckerberg,sundar.zuckerberg@example.com,79,low,0760-213012
179,Satya Musk,satya.musk@example.com,24,medium,0785-137478
180,Elon Jobs,invalid_email,23,medium,0794-670566
181,Elon Pichai,elon.pichai@example.com,42,high,0763-787033
182,Satya Torvalds,satya.torvalds@example.com,22,low,0766-160755
183,Elon Nadella,elon.nadella@example.com,48,high,0714-663160
184,Sergey Brin,sergey.brin@example.com,,low,0761-159648
185,Satya Gates,satya.gates@example.com,94,low,0726-401098
186,Elon Page,elon.page@example.com,66,medium,0735-279232
187,Jeff Zuckerberg,jeff.zuckerberg@example.com,,high,0757-388670
188,Sundar Musk,sundar.musk@example.com,90,high,0768-314668
189,Linus Gates,linus.gates@example.com,61,high,0775-374769
190,Sundar Brin,sundar.brin@example.com,33,high,0712-134277
191,Linus Nadella,linus.nadella@example.com,8,low,0777-991167
192,Sundar Musk,sundar.musk@example.com,53,medium,0759-975136
193,Satya Zuckerberg,satya.zuckerberg@example.com,41,medium,0722-160557
194,Linus Torvalds,linus.torvalds@example.com,56,high,0742-976193
195,Larry Bezos,larry.bezos@example.com,,medium,0754-354532
196,Larry Pichai,larry.pichai@example.com,9,high,0764-415684
197,Larry Torvalds,larry.torvalds@example.com,24,medium,0718-154039
198,Bill Bezos,bill.bezos@example.com,15,medium,0752-701797
199,Bill Gates,bill.gates@example.com,14,medium,0769-241604
200,Elon Gates,elon.gates@example.com,,medium,0713-264191
201,Linus Torvalds,linus.torvalds@example.com,69,high,0743-173393
202,Sergey Nadella,sergey.nadella@example.com,27,high,0779-306794
203,Jeff Jobs,invalid_email,73,medium,0744-449759
204,Elon Pichai,invalid_email,34,low,0783-642432
205,Jeff Gates,invalid_email,,low,0786-980511
206,Bill Brin,invalid_email,61,low,0720-293035
207,Elon Page,elon.page@example.com,,low,0746-111307
208,Bill Pichai,bill.pichai@example.com,84,medium,0773-676388
209,Larry Zuckerberg,invalid_email,78,medium,0745-876981
210,Jeff Pichai,jeff.pichai@example.com,62,low,0761-285094
211,Bill Pichai,bill.pichai@example.com,22,low,0715-252454
212,Steve Torvalds,steve.torvalds@example.com,22,low,0719-388949
213,Bill Pichai,bill.pichai@example.com,69,medium,0760-672823
214,Mark Torvalds,mark.torvalds@example.com,94,high,0789-767393
215,Steve Zuckerberg,steve.zuckerberg@example.com,85,low,0769-137692
216,Mark Torvalds,mark.torvalds@example.com,60,medium,0790-326755
217,Larry Brin,larry.brin@example.com,45,medium,0778-203988
218,Jeff Musk,jeff.musk@example.com,91,low,0723-176385
219,Larry Nadella,larry.nadella@example.com,96,high,0734-855502
220,Jeff Pichai,jeff.pichai@example.com,60,low,0775-525034
221,Steve Gates,steve.gates@example.com,83,high,0739-165362
222,Satya Bezos,satya.bezos@example.com,87,medium,0713-347806
223,Elon Gates,elon.gates@example.com,37,medium,0785-508275
224,Jeff Bezos,jeff.bezos@example.com,,low,0780-861642
225,Bill Musk,bill.musk@example.com,38,medium,0780-734353
226,Bill Torvalds,bill.torvalds@example.com,7,low,0757-881828
227,Bill Nadella,bill.nadella@example.com,83,high,0755-161977
228,Satya Musk,satya.musk@example.com,21,low,0776-216288
229,Linus Bezos,linus.bezos@example.com,,low,0720-918805
230,Sundar Torvalds,sundar.torvalds@example.com,,medium,0743-921893
231,Sundar Gates,sundar.gates@example.com,12,high,0745-960673
232,Linus Bezos,linus.bezos@example.com,100,high,0788-634534
233,Sergey Musk,sergey.musk@example.com,33,high,0763-482725
234,Elon Bezos,elon.bezos@example.com,17,medium,0742-109032
235,Bill Page,bill.page@example.com,24,high,0711-435472
236,Elon Page,elon.page@example.com,55,high,0759-266076
237,Steve Musk,steve.musk@example.com,21,medium,0795-410264
238,Larry Gates,larry.gates@example.com,,high,0755-172484
239,Bill Torvalds,bill.torvalds@example.com,79,low,0723-891460
240,Steve Brin,steve.brin@example.com,4,high,0711-176473
241,Larry Zuckerberg,invalid_email,82,low,0744-627399
242,Steve Nadella,invalid_email,33,medium,0771-262924
243,Bill Page,bill.page@example.com,29,high,0744-744780
244,Mark Page,mark.page@example.com,63,high,0714-474208
245,Bill Jobs,bill.jobs@example.com,20,high,0770-298512
246,Jeff Jobs,jeff.jobs@example.com,66,medium,0798-373496
247,Sundar Brin,sundar.brin@example.com,34,low,0788-625756
248,Mark Brin,mark.brin@example.com,,low,0749-773716
249,Sergey Musk,sergey.musk@example.com,10,medium,0793-894585
250,Satya Zuckerberg,satya.zuckerberg@example.com,21,medium,0771-760116
251,Jeff Pichai,jeff.pichai@example.com,14,high,0716-316680
252,Linus Jobs,linus.jobs@example.com,11,high,0798-420823
253,Sundar Torvalds,sundar.torvalds@example.com,60,high,0751-664079
254,Linus Brin,invalid_email,98,medium,0752-826607
255,Linus Nadella,linus.nadella@example.com,65,medium,0791-970564
256,Steve Torvalds,steve.torvalds@example.com,15,medium,0739-912472
257,Jeff Page,jeff.page@example.com,38,medium,0794-232504
258,Satya Nadella,satya.nadella@example.com,13,high,0781-414504
259,Elon Page,elon.page@example.com,63,medium,0762-880878
260,Jeff Musk,jeff.musk@example.com,78,medium,0766-313991
261,Larry Bezos,larry.bezos@example.com,19,medium,0731-965861
262,Bill Zuckerberg,bill.zuckerberg@example.com,20,medium,0781-464919
263,Bill Bezos,bill.bezos@example.com,13,medium,0780-849137
264,Satya Bezos,satya.bezos@example.com,89,low,0743-795281
265,Sergey Brin,invalid_email,,low,0721-352494
266,Sergey Zuckerberg,sergey.zuckerberg@example.com,87,low,0715-188592
267,Jeff Torvalds,jeff.torvalds@example.com,86,medium,0755-491912
268,Jeff Nadella,jeff.nadella@example.com,17,high,0757-497122
269,Larry Torvalds,larry.torvalds@example.com,17,low,0744-585989
270,Steve Gates,steve.gates@example.com,67,medium,0773-949429
271,Sergey Brin,invalid_email,2,medium,0710-136213
272,Sergey Jobs,sergey.jobs@example.com,82,low,0776-178205
273,Steve Bezos,steve.bezos@example.com,39,high,0796-575927
274,Mark Page,mark.page@example.com,35,high,0759-617003
275,Sergey Jobs,sergey.jobs@example.com,58,low,0766-955535
276,Mark Pichai,mark.pichai@example.com,46,medium,0756-396843
277,Elon Brin,elon.brin@example.com,,low,0792-865714
278,Larry Musk,larry.musk@example.com,90,low,0721-667171
279,Bill Jobs,invalid_email,49,low,0733-703217
280,Sundar Pichai,invalid_email,39,high,0716-605263
281,Mark Bezos,mark.bezos@example.com,42,medium,0714-610858
282,Mark Musk,invalid_email,27,high,0728-449843
283,Elon Brin,elon.brin@example.com,15,low,0776-432114
284,Sergey Page,sergey.page@example.com,68,high,0744-746979
285,Larry Gates,invalid_email,32,low,0766-816822
286,Linus Musk,linus.musk@example.com,,high,0732-891458
287,Steve Page,steve.page@example.com,72,high,0783-624858
288,Elon Zuckerberg,elon.zuckerberg@example.com,5,low,0724-392444
289,Larry Jobs,larry.jobs@example.com,64,medium,0781-265069
290,Bill Brin,bill.brin@example.com,20,medium,0782-544389
291,Satya Bezos,satya.bezos@example.com,64,medium,0772-954765
292,Bill Page,invalid_email,,high,0799-960326
293,Sergey Torvalds,sergey.torvalds@example.com,,high,0710-265324
294,Steve Gates,steve.gates@example.com,,medium,0782-499348
295,Steve Musk,steve.musk@example.com,25,high,0759-627632
296,Larry Pichai,larry.pichai@example.com,77,medium,0787-781035
297,Jeff Jobs,invalid_email,89,low,0718-911991
298,Satya Zuckerberg,satya.zuckerberg@example.com,,high,0720-283080
299,Bill Page,bill.page@example.com,,high,0799-934702
300,Satya Jobs,satya.jobs@example.com,95,low,0786-540074
301,Jeff Musk,jeff.musk@example.com,38,low,0798-305898
302,Sundar Bezos,sundar.bezos@example.com,96,low,0735-779292
303,Jeff Torvalds,invalid_email,51,low,0783-290817
304,Jeff Jobs,jeff.jobs@example.com,,low,0767-480009
305,Larry Jobs,larry.jobs@example.com,65,low,0798-877797
306,Larry Nadella,larry.nadella@example.com,77,high,0724-980912
307,Sundar Bezos,sundar.bezos@example.com,65,medium,0794-308329
308,Bill Brin,bill.brin@example.com,61,medium,0727-738215
309,Elon Gates,elon.gates@example.com,43,medium,0785-113688
310,Mark Page,mark.page@example.com,97,medium,0763-988242
311,Bill Bezos,invalid_email,29,medium,0728-927796
312,Satya Jobs,satya.jobs@example.com,29,low,0736-352830
313,Satya Gates,satya.gates@example.com,,medium,0733-954362
314,Mark Nadella,invalid_email,,medium,0778-457939
315,Elon Musk,elon.musk@example.com,42,high,0743-808071
316,Elon Jobs,elon.jobs@example.com,31,high,0711-909599
317,Bill Torvalds,invalid_email,10,high,0775-503417
318,Larry Gates,larry.gates@example.com,70,high,0730-813898
319,Sergey Brin,sergey.brin@example.com,5,high,0736-730889
320,Linus Musk,linus.musk@example.com,13,medium,0735-206874
321,Bill Pichai,bill.pichai@example.com,,medium,0732-207288
322,Sundar Gates,invalid_email,73,medium,0792-230544
323,Steve Nadella,steve.nadella@example.com,0,high,0773-319969
324,Sundar Page,sundar.page@example.com,11,medium,0715-574346
325,Satya Brin,invalid_email,,high,0720-236124
326,Linus Pichai,invalid_email,,low,0728-533311
327,Elon Zuckerberg,elon.zuckerberg@example.com,11,medium,0789-954951
328,Sergey Brin,sergey.brin@example.com,70,medium,0790-828611
329,Elon Gates,elon.gates@example.com,100,low,0746-511005
330,Elon Brin,elon.brin@example.com,7,low,0722-644061
331,Elon Bezos,elon.bezos@example.com,5,high,0725-904847
332,Bill Nadella,bill.nadella@example.com,64,medium,0782-830179
333,Steve Musk,steve.musk@example.com,30,high,0746-500405
334,Sundar Torvalds,sundar.torvalds@example.com,99,high,0773-686174
335,Steve Musk,steve.musk@example.com,,medium,0731-575881
336,Bill Page,invalid_email,64,high,0787-307324
337,Satya Nadella,satya.nadella@example.com,77,low,0787-564576
338,Sundar Jobs,sundar.jobs@example.com,6,low,0721-803326
339,Sundar Pichai,sundar.pichai@example.com,27,high,0736-518224
340,Bill Pichai,bill.pichai@example.com,98,low,0739-618135
341,Steve Jobs,steve.jobs@example.com,86,high,0725-584493
342,Elon Zuckerberg,elon.zuckerberg@example.com,,high,0751-400850
343,Linus Jobs,invalid_email,78,medium,0750-545253
344,Satya Zuckerberg,satya.zuckerberg@example.com,56,medium,0743-799784
345,Sergey Musk,sergey.musk@example.com,92,medium,0769-938551
346,Steve Torvalds,steve.torvalds@example.com,50,medium,0761-479744
347,Sundar Page,sundar.page@example.com,,low,0770-927533
348,Linus Bezos,linus.bezos@example.com,69,low,0770-791235
349,Mark Zuckerberg,mark.zuckerberg@example.com,71,low,0748-847056
350,Sergey Gates,sergey.gates@example.com,57,medium,0777-913289
351,Bill Torvalds,bill.torvalds@example.com,42,high,0786-996164
352,Sergey Musk,sergey.musk@example.com,76,medium,0799-885350
353,Sundar Gates,invalid_email,60,medium,0784-501093
354,Sundar Nadella,sundar.nadella@example.com,,high,0767-218135
355,Steve Torvalds,steve.torvalds@example.com,86,medium,0728-595709
356,Mark Musk,mark.musk@example.com,28,medium,0769-779904
357,Steve Musk,steve.musk@example.com,22,low,0756-284350
358,Bill Bezos,bill.bezos@example.com,10,high,0716-365341
359,Sergey Page,sergey.page@example.com,12,high,0770-261042
360,Mark Bezos,mark.bezos@example.com,24,high,0754-137130
361,Sergey Bezos,sergey.bezos@example.com,4,high,0726-801908
362,Sundar Page,sundar.page@example.com,85,low,0742-691500
363,Jeff Jobs,invalid_email,31,medium,0723-357200
364,Steve Nadella,steve.nadella@example.com,18,medium,0726-224467
365,Bill Zuckerberg,bill.zuckerberg@example.com,54,low,0711-955236
366,Linus Torvalds,linus.torvalds@example.com,78,low,0724-770912
367,Bill Pichai,bill.pichai@example.com,37,high,0766-322444
368,Sergey Bezos,sergey.bezos@example.com,46,high,0717-435786
369,Jeff Pichai,jeff.pichai@example.com,48,low,0771-507658
370,Bill Page,bill.page@example.com,91,high,0723-204920
371,Elon Gates,elon.gates@example.com,12,medium,0763-381815
372,Steve Gates,invalid_email,,medium,0756-857666
373,Larry Bezos,larry.bezos@example.com,39,medium,0759-437304
374,Jeff Jobs,jeff.jobs@example.com,83,low,0746-553615
375,Mark Brin,mark.brin@example.com,96,high,0776-293913
376,Sergey Brin,invalid_email,81,low,0775-121315
377,Mark Gates,invalid_email,15,high,0743-317916
378,Sergey Pichai,invalid_email,21,low,0798-898835
379,Sergey Pichai,sergey.pichai@example.com,52,medium,0781-604302
380,Jeff Brin,invalid_email,88,low,0727-549948
381,Satya Musk,satya.musk@example.com,93,medium,0735-164187
382,Mark Gates,invalid_email,,high,0714-208595
383,Mark Gates,mark.gates@example.com,57,high,0759-655616
384,Elon Nadella,elon.nadella@example.com,48,high,0746-701210
385,Bill Bezos,bill.bezos@example.com,,high,0719-654857
386,Bill Pichai,bill.pichai@example.com,,medium,0751-127293
387,Satya Musk,satya.musk@example.com,6,medium,0728-769894
388,Steve Bezos,steve.bezos@example.com,63,low,0792-684869
389,Sundar Page,sundar.page@example.com,9,medium,0714-841785
390,Jeff Nadella,jeff.nadella@example.com,9,high,0780-776237
391,Jeff Bezos,jeff.bezos@example.com,,medium,0770-791958
392,Mark Zuckerberg,mark.zuckerberg@example.com,64,high,0717-864086
393,Jeff Zuckerberg,jeff.zuckerberg@example.com,36,medium,0790-924637
394,Satya Pichai,satya.pichai@example.com,28,medium,0731-630505
395,Satya Pichai,satya.pichai@example.com,51,medium,0759-584358
396,Sergey Jobs,sergey.jobs@example.com,57,medium,0799-606201
397,Satya Gates,satya.gates@example.com,95,low,0796-748736
398,Elon Page,invalid_email,,low,0791-141965
399,Sundar Page,sundar.page@example.com,54,low,0734-221416
400,Sergey Zuckerberg,sergey.zuckerberg@example.com,15,medium,0771-453491
401,Linus Musk,linus.musk@example.com,42,high,0756-898002
402,Sundar Page,sundar.page@example.com,23,high,0777-814288
403,Jeff Zuckerberg,invalid_email,64,high,0794-507959
404,Larry Zuckerberg,larry.zuckerberg@example.com,86,low,0788-565382
405,Jeff Torvalds,jeff.torvalds@example.com,27,low,0724-858738
406,Sundar Pichai,sundar.pichai@example.com,32,low,0742-996344
407,Bill Torvalds,invalid_email,,high,0782-226385
408,Jeff Torvalds,jeff.torvalds@example.com,0,medium,0782-211436
409,Elon Brin,elon.brin@example.com,54,high,0736-259060
410,Mark Jobs,mark.jobs@example.com,57,low,0776-937359
411,Mark Brin,mark.brin@example.com,24,low,0789-347734
412,Sundar Gates,sundar.gates@example.com,,medium,0773-162350
413,Jeff Bezos,jeff.bezos@example.com,95,high,0789-718673
414,Sundar Bezos,sundar.bezos@example.com,10,low,0790-607848
415,Elon Torvalds,elon.torvalds@example.com,0,medium,0788-652840
416,Jeff Jobs,jeff.jobs@example.com,31,high,0772-548172
417,Steve Bezos,invalid_email,,low,0713-113510
418,Linus Zuckerberg,invalid_email,91,medium,0768-834835
419,Elon Musk,invalid_email,0,medium,0719-575689
420,Steve Bezos,steve.bezos@example.com,,medium,0738-650645
421,Sundar Torvalds,invalid_email,70,low,0785-457184
422,Satya Bezos,satya.bezos@example.com,,high,0778-238610
423,Sundar Pichai,invalid_email,50,low,0743-996060
424,Mark Gates,mark.gates@example.com,53,medium,0740-169365
425,Elon Zuckerberg,invalid_email,65,low,0795-563807
426,Bill Pichai,bill.pichai@example.com,55,medium,0727-874418
427,Bill Jobs,bill.jobs@example.com,,high,0787-695284
428,Satya Bezos,satya.bezos@example.com,14,high,0722-948628
429,Satya Nadella,satya.nadella@example.com,60,high,0728-458367
430,Sergey Nadella,sergey.nadella@example.com,,low,0752-890075
431,Linus Gates,linus.gates@example.com,80,high,0725-741687
432,Mark Brin,mark.brin@example.com,73,high,0761-704751
433,Linus Jobs,linus.jobs@example.com,87,low,0763-399669
434,Satya Pichai,satya.pichai@example.com,2,high,0786-391063
435,Jeff Bezos,jeff.bezos@example.com,15,low,0727-684241
436,Elon Brin,invalid_email,,low,0781-753106
437,Satya Gates,invalid_email,0,medium,0754-131916
438,Jeff Pichai,invalid_email,,medium,0737-586288
439,Bill Brin,bill.brin@example.com,81,medium,0797-637663
440,Mark Nadella,invalid_email,17,high,0757-755605
441,Sergey Torvalds,sergey.torvalds@example.com,24,high,0726-907585
442,Linus Musk,linus.musk@example.com,6,high,0728-669433
443,Elon Nadella,elon.nadella@example.com,55,medium,0712-625034
444,Jeff Jobs,invalid_email,67,high,0740-420911
445,Linus Page,linus.page@example.com,54,high,0747-344381
446,Satya Bezos,satya.bezos@example.com,19,low,0798-584258
447,Sundar Bezos,invalid_email,,high,0742-630743
448,Sergey Brin,sergey.brin@example.com,,low,0728-925702
449,Sergey Bezos,sergey.bezos@example.com,,high,0790-771607
450,Steve Jobs,steve.jobs@example.com,25,high,0729-402894
451,Satya Musk,satya.musk@example.com,,low,0772-233045
452,Bill Musk,bill.musk@example.com,38,low,0772-370698
453,Jeff Gates,jeff.gates@example.com,89,high,0735-366576
454,Steve Page,steve.page@example.com,,high,0736-506779
455,Jeff Bezos,jeff.bezos@example.com,14,low,0751-969740
456,Satya Jobs,satya.jobs@example.com,45,medium,0730-495471
457,Linus Bezos,invalid_email,9,medium,0798-887855
458,Steve Page,steve.page@example.com,58,high,0773-862116
459,Satya Page,satya.page@example.com,92,medium,0729-915267
460,Elon Gates,elon.gates@example.com,81,high,0718-647851
461,Elon Jobs,invalid_email,59,low,0761-238963
462,Jeff Musk,jeff.musk@example.com,26,low,0740-461637
463,Elon Musk,elon.musk@example.com,48,low,0781-439573
464,Larry Gates,larry.gates@example.com,93,low,0778-636550
465,Satya Bezos,satya.bezos@example.com,39,high,0741-212079
466,Sundar Bezos,invalid_email,16,high,0723-742312
467,Linus Zuckerberg,linus.zuckerberg@example.com,32,medium,0727-982626
468,Steve Brin,steve.brin@example.com,66,high,0764-286890
469,Elon Musk,elon.musk@example.com,87,medium,0748-783097
470,Satya Page,satya.page@example.com,22,high,0787-176090
471,Mark Bezos,mark.bezos@example.com,69,low,0795-731558
472,Sergey Brin,sergey.brin@example.com,43,high,0725-236941
473,Steve Page,steve.page@example.com,67,high,0731-460338
474,Elon Zuckerberg,elon.zuckerberg@example.com,,low,0784-545343
475,Bill Page,bill.page@example.com,75,low,0737-594419
476,Sergey Jobs,sergey.jobs@example.com,72,high,0711-915819
477,Jeff Gates,jeff.gates@example.com,,medium,0751-258823
478,Linus Zuckerberg,linus.zuckerberg@example.com,,medium,0798-369655
479,Mark Gates,mark.gates@example.com,100,low,0788-311980
480,Elon Brin,elon.brin@example.com,86,high,0775-277145
481,Steve Jobs,invalid_email,85,high,0795-663172
482,Linus Brin,linus.brin@example.com,25,high,0771-819046
483,Sergey Bezos,sergey.bezos@example.com,,medium,0729-331812
484,Elon Jobs,elon.jobs@example.com,28,high,0791-726046
485,Sergey Bezos,sergey.bezos@example.com,36,high,0785-718675
486,Sergey Jobs,sergey.jobs@example.com,52,low,0733-400793
487,Linus Torvalds,invalid_email,28,medium,0797-334123
488,Elon Page,elon.page@example.com,,medium,0754-174392
489,Bill Torvalds,invalid_email,0,low,0775-623560
490,Steve Musk,steve.musk@example.com,33,high,0727-137458
491,Satya Page,invalid_email,38,low,0772-510140
492,Linus Gates,linus.gates@example.com,59,low,0786-631199
493,Steve Musk,steve.musk@example.com,61,high,0777-653397
494,Bill Nadella,bill.nadella@example.com,24,low,0716-653816
495,Sergey Musk,sergey.musk@example.com,,low,0788-762257
496,Bill Gates,bill.gates@example.com,59,high,0717-837359
497,Steve Zuckerberg,steve.zuckerberg@example.com,,high,0725-963308
498,Mark Brin,mark.brin@example.com,86,low,0796-268557
499,Elon Gates,elon.gates@example.com,,medium,0786-622501
500,Elon Torvalds,elon.torvalds@example.com,20,low,0719-321706
501,Mark Torvalds,invalid_email,100,medium,0756-264520
502,Bill Brin,bill.brin@example.com,79,high,0779-552209
503,Bill Bezos,bill.bezos@example.com,63,medium,0728-792403
504,Satya Bezos,satya.bezos@example.com,7,high,0776-675882
505,Larry Pichai,larry.pichai@example.com,88,high,0788-635283
506,Elon Musk,elon.musk@example.com,,low,0777-607089
507,Bill Gates,bill.gates@example.com,64,medium,0793-689828
508,Sundar Bezos,sundar.bezos@example.com,92,low,0784-257865
509,Mark Jobs,mark.jobs@example.com,67,high,0760-563788
510,Linus Nadella,linus.nadella@example.com,18,low,0795-944900
511,Satya Bezos,satya.bezos@example.com,82,medium,0744-967534
512,Mark Torvalds,mark.torvalds@example.com,,medium,0760-106276
513,Larry Gates,larry.gates@example.com,9,low,0723-509619
514,Linus Torvalds,linus.torvalds@example.com,33,high,0710-571957
515,Sundar Zuckerberg,sundar.zuckerberg@example.com,13,high,0755-275268
516,Mark Zuckerberg,mark.zuckerberg@example.com,,low,0753-347556
517,Satya Gates,satya.gates@example.com,79,high,0757-729611
518,Bill Gates,bill.gates@example.com,63,high,0796-641254
519,Bill Zuckerberg,bill.zuckerberg@example.com,66,high,0791-599277
520,Sergey Jobs,invalid_email,16,medium,0773-640563
521,Linus Nadella,linus.nadella@example.com,97,medium,0731-111788
522,Larry Nadella,larry.nadella@example.com,,high,0721-159227
523,Mark Pichai,mark.pichai@example.com,54,low,0778-258502
524,Mark Gates,mark.gates@example.com,46,medium,0723-256789
525,Bill Page,bill.page@example.com,56,medium,0737-519336
526,Linus Zuckerberg,linus.zuckerberg@example.com,,low,0782-375642
527,Elon Page,elon.page@example.com,74,low,0792-132238
528,Bill Bezos,bill.bezos@example.com,23,high,0755-984061
529,Satya Brin,invalid_email,27,low,0768-564685
530,Jeff Nadella,jeff.nadella@example.com,46,medium,0736-690697
531,Sundar Musk,sundar.musk@example.com,58,low,0768-300400
532,Sergey Nadella,invalid_email,86,high,0776-812962
533,Satya Musk,satya.musk@example.com,48,high,0780-823604
534,Mark Torvalds,mark.torvalds@example.com,72,low,0759-148805
535,Sundar Pichai,sundar.pichai@example.com,37,low,0773-812587
536,Mark Zuckerberg,mark.zuckerberg@example.com,,low,0792-200378
537,Linus Bezos,linus.bezos@example.com,86,low,0733-265057
538,Sergey Bezos,invalid_email,30,low,0761-606914
539,Jeff Musk,jeff.musk@example.com,97,medium,0715-132452
540,Sundar Gates,sundar.gates@example.com,,low,0765-484640
541,Sundar Musk,sundar.musk@example.com,83,low,0757-278018
542,Sundar Nadella,sundar.nadella@example.com,,high,0711-295888
543,Sergey Brin,sergey.brin@example.com,,low,0739-210788
544,Linus Torvalds,linus.torvalds@example.com,16,low,0738-307153
545,Elon Torvalds,invalid_email,,high,0776-410542
546,Sergey Pichai,sergey.pichai@example.com,34,low,0780-595695
547,Satya Page,invalid_email,37,high,0779-996840
548,Larry Brin,invalid_email,27,high,0783-147195
549,Sergey Page,invalid_email,23,medium,0727-957468
550,Satya Nadella,satya.nadella@example.com,,high,0781-397604
551,Satya Torvalds,satya.torvalds@example.com,80,low,0754-310644
552,Linus Pichai,linus.pichai@example.com,71,medium,0776-880053
553,Jeff Pichai,jeff.pichai@example.com,36,high,0723-145784
554,Jeff Jobs,invalid_email,90,medium,0711-887958
555,Satya Jobs,satya.jobs@example.com,27,high,0763-249036
556,Elon Zuckerberg,elon.zuckerberg@example.com,,medium,0727-371495
557,Elon Nadella,invalid_email,53,medium,0722-128096
558,Elon Pichai,invalid_email,42,high,0734-648253
559,Sergey Torvalds,sergey.torvalds@example.com,83,low,0764-474652
560,Sergey Pichai,sergey.pichai@example.com,1,low,0783-510233
561,Sergey Pichai,sergey.pichai@example.com,,medium,0787-356653
562,Elon Musk,invalid_email,87,low,0795-787769
563,Elon Zuckerberg,elon.zuckerberg@example.com,73,medium,0760-413929
564,Jeff Page,invalid_email,55,high,0729-843356
565,Steve Pichai,invalid_email,,high,0755-981537
566,Satya Zuckerberg,invalid_email,77,low,0722-768745
567,Bill Gates,bill.gates@example.com,8,medium,0790-806656
568,Larry Brin,larry.brin@example.com,,high,0724-988948
569,Sergey Gates,sergey.gates@example.com,0,low,0775-155728
570,Elon Torvalds,elon.torvalds@example.com,74,low,0752-407260
571,Elon Gates,elon.gates@example.com,29,medium,0737-470468
572,Larry Page,larry.page@example.com,11,high,0744-316483
573,Sundar Gates,sundar.gates@example.com,48,medium,0734-278413
574,Linus Gates,linus.gates@example.com,77,high,0745-428982
575,Linus Gates,linus.gates@example.com,12,high,0748-158739
576,Steve Gates,invalid_email,95,low,0745-968359
577,Larry Torvalds,larry.torvalds@example.com,0,high,0721-741938
578,Satya Musk,invalid_email,25,high,0774-466728
579,Mark Jobs,invalid_email,0,high,0784-519913
580,Larry Brin,larry.brin@example.com,6,high,0771-159140
581,Satya Zuckerberg,satya.zuckerberg@example.com,40,high,0743-707569
582,Mark Page,mark.page@example.com,19,low,0748-654270
583,Linus Torvalds,linus.torvalds@example.com,19,high,0767-264256
584,Sergey Nadella,sergey.nadella@example.com,18,high,0762-207473
585,Elon Gates,elon.gates@example.com,20,low,0776-594875
586,Larry Bezos,larry.bezos@example.com,52,high,0796-777738
587,Elon Zuckerberg,elon.zuckerberg@example.com,,high,0782-650584
588,Larry Gates,larry.gates@example.com,12,high,0761-854791
589,Sergey Brin,invalid_email,6,medium,0739-166708
590,Bill Gates,bill.gates@example.com,3,high,0764-990537
591,Sundar Zuckerberg,sundar.zuckerberg@example.com,10,high,0763-985181
592,Jeff Jobs,jeff.jobs@example.com,29,medium,0775-431343
593,Mark Gates,mark.gates@example.com,92,high,0731-339452
594,Satya Bezos,invalid_email,,low,0760-130281
595,Sergey Torvalds,sergey.torvalds@example.com,87,high,0710-500339
596,Steve Brin,steve.brin@example.com,29,medium,0766-805953
597,Larry Musk,larry.musk@example.com,99,low,0730-240512
598,Mark Jobs,invalid_email,,high,0760-809470
599,Mark Gates,mark.gates@example.com,,medium,0756-563463
600,Sergey Nadella,sergey.nadella@example.com,98,medium,0776-530969
601,Elon Pichai,elon.pichai@example.com,46,high,0792-967099
602,Jeff Jobs,jeff.jobs@example.com,38,medium,0772-144759
603,Linus Musk,linus.musk@example.com,68,medium,0727-412352
604,Bill Gates,invalid_email,5,medium,0720-172185
605,Larry Nadella,larry.nadella@example.com,,medium,0767-355190
606,Mark Jobs,mark.jobs@example.com,87,low,0799-861420
607,Jeff Nadella,jeff.nadella@example.com,46,medium,0732-544115
608,Sundar Nadella,invalid_email,49,low,0785-998808
609,Satya Zuckerberg,satya.zuckerberg@example.com,38,low,0766-484640
610,Linus Nadella,linus.nadella@example.com,,low,0723-817381
611,Sergey Musk,sergey.musk@example.com,,low,0780-803172
612,Sundar Jobs,sundar.jobs@example.com,50,low,0724-814117
613,Steve Nadella,steve.nadella@example.com,76,high,0739-667050
614,Steve Bezos,steve.bezos@example.com,46,low,0721-367815
615,Bill Bezos,bill.bezos@example.com,56,medium,0779-132146
616,Jeff Jobs,jeff.jobs@example.com,39,high,0762-126827
617,Elon Page,elon.page@example.com,,low,0780-407028
618,Sundar Pichai,sundar.pichai@example.com,4,high,0739-470255
619,Steve Jobs,invalid_email,34,low,0722-689401
620,Mark Musk,mark.musk@example.com,,medium,0778-234102
621,Sundar Zuckerberg,sundar.zuckerberg@example.com,88,low,0759-289772
622,Linus Jobs,linus.jobs@example.com,,medium,0764-455603
623,Sergey Gates,sergey.gates@example.com,68,low,0719-885364
624,Steve Page,invalid_email,52,medium,0728-254994
625,Sundar Musk,sundar.musk@example.com,,high,0749-607197
626,Satya Pichai,invalid_email,52,low,0727-235409
627,Elon Brin,elon.brin@example.com,63,high,0762-941151
628,Linus Bezos,linus.bezos@example.com,70,medium,0737-836562
629,Bill Bezos,invalid_email,65,high,0728-394975
630,Jeff Jobs,invalid_email,,high,0772-282410
631,Linus Pichai,linus.pichai@example.com,92,medium,0761-608144
632,Mark Bezos,mark.bezos@example.com,,high,0722-946150
633,Bill Zuckerberg,bill.zuckerberg@example.com,,low,0716-508231
634,Larry Brin,larry.brin@example.com,13,high,0757-782626
635,Elon Pichai,elon.pichai@example.com,,high,0758-316804
636,Sergey Brin,sergey.brin@example.com,,low,0784-721238
637,Jeff Page,jeff.page@example.com,66,high,0741-512351
638,Elon Brin,invalid_email,81,high,0756-702839
639,Bill Bezos,bill.bezos@example.com,90,low,0714-654407
640,Steve Brin,steve.brin@example.com,43,medium,0711-127499
641,Steve Page,steve.page@example.com,55,medium,0766-738956
642,Elon Nadella,invalid_email,61,medium,0767-395506
643,Mark Nadella,mark.nadella@example.com,15,high,0788-792180
644,Satya Brin,satya.brin@example.com,39,high,0716-134746
645,Sundar Brin,sundar.brin@example.com,76,medium,0755-611129
646,Sergey Page,sergey.page@example.com,80,medium,0735-903325
647,Linus Bezos,invalid_email,99,high,0722-898221
648,Bill Brin,invalid_email,70,low,0746-986772
649,Jeff Nadella,jeff.nadella@example.com,46,low,0711-100943
650,Mark Gates,mark.gates@example.com,18,medium,0713-913739
651,Sundar Nadella,sundar.nadella@example.com,95,high,0713-527092
652,Bill Nadella,bill.nadella@example.com,52,low,0740-861201
653,Elon Zuckerberg,elon.zuckerberg@example.com,48,high,0793-525726
654,Sergey Brin,sergey.brin@example.com,87,low,0785-289702
655,Bill Bezos,bill.bezos@example.com,100,medium,0737-477286
656,Mark Page,mark.page@example.com,33,high,0760-224769
657,Jeff Musk,jeff.musk@example.com,59,medium,0770-224679
658,Mark Musk,mark.musk@example.com,11,high,0737-949725
659,Larry Zuckerberg,larry.zuckerberg@example.com,,medium,0778-719871
660,Steve Brin,steve.brin@example.com,63,low,0779-501920
661,Mark Pichai,mark.pichai@example.com,38,medium,0786-252421
662,Larry Gates,larry.gates@example.com,94,high,0753-110628
663,Steve Gates,steve.gates@example.com,,low,0750-907759
664,Satya Bezos,satya.bezos@example.com,41,low,0746-464410
665,Sergey Page,sergey.page@example.com,,high,0775-391989
666,Steve Nadella,steve.nadella@example.com,48,high,0796-845599
667,Steve Gates,steve.gates@example.com,99,low,0724-208938
668,Sergey Jobs,sergey.jobs@example.com,,low,0760-286005
669,Sundar Pichai,sundar.pichai@example.com,40,low,0792-698542
670,Satya Torvalds,satya.torvalds@example.com,89,medium,0716-436180
671,Sundar Musk,sundar.musk@example.com,67,low,0757-305999
672,Elon Nadella,elon.nadella@example.com,66,high,0795-422021
673,Jeff Page,jeff.page@example.com,6,medium,0769-289285
674,Satya Pichai,satya.pichai@example.com,23,high,0782-612246
675,Bill Jobs,bill.jobs@example.com,54,high,0723-557999
676,Bill Nadella,bill.nadella@example.com,14,low,0764-603070
677,Mark Gates,mark.gates@example.com,90,medium,0729-590120
678,Mark Musk,mark.musk@example.com,85,high,0730-755116
679,Sergey Page,sergey.page@example.com,,high,0711-188060
680,Bill Brin,bill.brin@example.com,47,medium,0730-239646
681,Sergey Nadella,sergey.nadella@example.com,59,high,0769-709872
682,Steve Bezos,steve.bezos@example.com,35,medium,0768-595769
683,Steve Page,steve.page@example.com,23,medium,0745-784331
684,Sergey Page,sergey.page@example.com,,high,0749-209045
685,Linus Torvalds,linus.torvalds@example.com,89,low,0719-147759
686,Larry Pichai,invalid_email,59,high,0724-249065
687,Steve Nadella,steve.nadella@example.com,15,medium,0741-330294
688,Bill Bezos,bill.bezos@example.com,,low,0762-606030
689,Sergey Jobs,sergey.jobs@example.com,36,low,0788-596947
690,Satya Jobs,satya.jobs@example.com,20,low,0793-704375
691,Elon Page,elon.page@example.com,35,low,0742-691279
692,Satya Torvalds,invalid_email,92,medium,0746-920916
693,Elon Bezos,elon.bezos@example.com,95,low,0794-923169
694,Mark Bezos,mark.bezos@example.com,,low,0763-348744
695,Satya Torvalds,satya.torvalds@example.com,74,low,0731-387735
696,Linus Bezos,linus.bezos@example.com,6,low,0789-584581
697,Sundar Musk,sundar.musk@example.com,34,low,0775-367083
698,Larry Nadella,invalid_email,90,high,0755-686240
699,Linus Bezos,linus.bezos@example.com,,medium,0794-328187
700,Linus Bezos,linus.bezos@example.com,66,medium,0764-554018
701,Jeff Zuckerberg,jeff.zuckerberg@example.com,29,high,0750-122160
702,Linus Bezos,invalid_email,,medium,0765-775526
703,Sundar Musk,sundar.musk@example.com,32,medium,0783-166389
704,Larry Nadella,larry.nadella@example.com,0,medium,0728-662812
705,Mark Page,mark.page@example.com,34,medium,0761-484628
706,Steve Pichai,steve.pichai@example.com,29,medium,0774-314120
707,Jeff Zuckerberg,invalid_email,34,medium,0754-730795
708,Sergey Musk,invalid_email,78,medium,0763-449708
709,Jeff Bezos,invalid_email,79,high,0738-787051
710,Jeff Zuckerberg,jeff.zuckerberg@example.com,83,medium,0748-990914
711,Satya Gates,satya.gates@example.com,,medium,0757-530340
712,Satya Torvalds,invalid_email,51,high,0798-688191
713,Steve Brin,steve.brin@example.com,64,low,0746-207981
714,Bill Zuckerberg,bill.zuckerberg@example.com,0,low,0752-496241
715,Satya Page,satya.page@example.com,60,medium,0716-938240
716,Steve Brin,steve.brin@example.com,,medium,0755-848042
717,Sergey Musk,sergey.musk@example.com,,high,0782-599476
718,Bill Nadella,bill.nadella@example.com,85,low,0724-689854
719,Elon Gates,elon.gates@example.com,92,high,0792-787904
720,Linus Zuckerberg,linus.zuckerberg@example.com,83,medium,0799-666324
721,Elon Gates,elon.gates@example.com,,medium,0751-105344
722,Jeff Brin,jeff.brin@example.com,66,low,0773-717300
723,Linus Gates,linus.gates@example.com,20,low,0731-635796
724,Sergey Musk,sergey.musk@example.com,82,medium,0727-405278
725,Bill Zuckerberg,bill.zuckerberg@example.com,89,low,0785-273884
726,Mark Pichai,mark.pichai@example.com,42,low,0789-842540
727,Satya Bezos,satya.bezos@example.com,87,low,0796-452418
728,Linus Zuckerberg,linus.zuckerberg@example.com,83,high,0736-156161
729,Sundar Musk,sundar.musk@example.com,40,low,0785-772820
730,Elon Bezos,elon.bezos@example.com,27,low,0786-660797
731,Elon Nadella,elon.nadella@example.com,87,medium,0712-193853
732,Sundar Jobs,sundar.jobs@example.com,67,high,0767-510179
733,Satya Brin,satya.brin@example.com,48,low,0782-414798
734,Steve Pichai,steve.pichai@example.com,41,high,0735-448095
735,Elon Musk,invalid_email,9,high,0749-163329
736,Jeff Brin,jeff.brin@example.com,94,low,0778-997270
737,Jeff Page,invalid_email,64,high,0714-347396
738,Jeff Pichai,jeff.pichai@example.com,7,high,0730-561941
739,Elon Zuckerberg,elon.zuckerberg@example.com,3,high,0765-386119
740,Sundar Jobs,sundar.jobs@example.com,31,low,0744-851490
741,Larry Page,larry.page@example.com,3,low,0781-300870
742,Larry Page,larry.page@example.com,36,medium,0761-734751
743,Larry Gates,larry.gates@example.com,71,medium,0771-658259
744,Larry Pichai,larry.pichai@example.com,25,low,0710-974778
745,Linus Brin,linus.brin@example.com,1,medium,0725-503428
746,Bill Zuckerberg,bill.zuckerberg@example.com,50,medium,0728-514805
747,Linus Gates,linus.gates@example.com,7,low,0732-815232
748,Larry Brin,larry.brin@example.com,16,low,0770-885783
749,Satya Gates,satya.gates@example.com,17,medium,0754-367329
750,Jeff Jobs,jeff.jobs@example.com,11,low,0722-182598
751,Sergey Zuckerberg,sergey.zuckerberg@example.com,63,medium,0755-967733
752,Jeff Nadella,jeff.nadella@example.com,87,high,0742-706390
753,Mark Brin,mark.brin@example.com,77,high,0735-599068
754,Elon Zuckerberg,elon.zuckerberg@example.com,,high,0773-522405
755,Larry Musk,larry.musk@example.com,,low,0781-106850
756,Linus Nadella,invalid_email,15,medium,0719-588097
757,Linus Pichai,invalid_email,89,low,0712-294758
758,Bill Page,bill.page@example.com,93,low,0757-509745
759,Larry Bezos,larry.bezos@example.com,100,low,0776-119629
760,Larry Musk,larry.musk@example.com,84,medium,0772-251338
761,Mark Zuckerberg,mark.zuckerberg@example.com,30,low,0750-194880
762,Sergey Torvalds,sergey.torvalds@example.com,76,high,0782-783790
763,Bill Page,bill.page@example.com,,high,0728-519169
764,Steve Jobs,steve.jobs@example.com,5,medium,0734-232657
765,Larry Page,invalid_email,25,medium,0770-507741
766,Larry Musk,larry.musk@example.com,96,high,0798-108555
767,Sundar Gates,invalid_email,73,low,0710-971510
768,Steve Musk,invalid_email,62,medium,0737-292625
769,Sundar Musk,sundar.musk@example.com,51,medium,0750-643436
770,Satya Zuckerberg,satya.zuckerberg@example.com,,low,0789-255589
771,Mark Brin,mark.brin@example.com,96,high,0741-260756
772,Satya Jobs,satya.jobs@example.com,31,high,0749-900784
773,Elon Brin,elon.brin@example.com,13,high,0784-347284
774,Sundar Musk,sundar.musk@example.com,64,low,0738-596548
775,Bill Torvalds,bill.torvalds@example.com,77,high,0787-377390
776,Mark Pichai,mark.pichai@example.com,19,low,0791-684864
777,Sergey Page,sergey.page@example.com,60,low,0734-803673
778,Larry Pichai,larry.pichai@example.com,89,low,0742-616212
779,Steve Gates,steve.gates@example.com,71,medium,0731-749809
780,Elon Jobs,elon.jobs@example.com,,medium,0764-908465
781,Satya Gates,satya.gates@example.com,42,low,0719-523008
782,Mark Pichai,invalid_email,24,high,0715-580493
783,Sergey Bezos,sergey.bezos@example.com,33,low,0744-129271
784,Satya Gates,satya.gates@example.com,42,medium,0746-756450
785,Mark Jobs,mark.jobs@example.com,,high,0753-551762
786,Mark Bezos,mark.bezos@example.com,52,low,0761-889688
787,Elon Brin,elon.brin@example.com,,medium,0759-368899
788,Sundar Musk,sundar.musk@example.com,92,medium,0760-836171
789,Sundar Gates,sundar.gates@example.com,45,high,0723-568579
790,Sundar Torvalds,sundar.torvalds@example.com,60,low,0728-954926
791,Elon Page,invalid_email,24,high,0739-977021
792,Linus Page,linus.page@example.com,,medium,0787-316175
793,Linus Brin,linus.brin@example.com,19,high,0784-647430
794,Steve Jobs,steve.jobs@example.com,5,low,0763-361823
795,Bill Brin,invalid_email,98,low,0745-253230
796,Sergey Bezos,sergey.bezos@example.com,91,medium,0722-112989
797,Mark Torvalds,mark.torvalds@example.com,40,medium,0742-549516
798,Linus Page,linus.page@example.com,68,high,0718-207828
799,Jeff Zuckerberg,jeff.zuckerberg@example.com,0,high,0757-113814
800,Sundar Bezos,sundar.bezos@example.com,45,high,0761-859838
801,Satya Bezos,satya.bezos@example.com,33,low,0731-536738
802,Mark Zuckerberg,mark.zuckerberg@example.com,74,high,0714-404280
803,Sundar Torvalds,sundar.torvalds@example.com,61,medium,0721-215852
804,Larry Musk,larry.musk@example.com,43,high,0728-653998
805,Linus Gates,linus.gates@example.com,33,high,0751-614316
806,Mark Brin,mark.brin@example.com,,high,0747-775163
807,Elon Zuckerberg,elon.zuckerberg@example.com,77,medium,0721-956077
808,Satya Musk,invalid_email,53,medium,0791-676831
809,Mark Gates,mark.gates@example.com,36,high,0736-820307
810,Sundar Torvalds,sundar.torvalds@example.com,30,low,0752-401455
811,Mark Bezos,mark.bezos@example.com,,high,0752-174270
812,Sundar Gates,sundar.gates@example.com,43,high,0733-519638
813,Satya Zuckerberg,satya.zuckerberg@example.com,96,medium,0756-549292
814,Elon Musk,elon.musk@example.com,42,low,0723-276402
815,Jeff Jobs,jeff.jobs@example.com,47,high,0717-852779
816,Mark Bezos,mark.bezos@example.com,49,high,0791-807925
817,Larry Zuckerberg,larry.zuckerberg@example.com,51,low,0768-178426
818,Bill Torvalds,invalid_email,52,medium,0781-312211
819,Mark Musk,mark.musk@example.com,63,high,0781-542200
820,Bill Torvalds,bill.torvalds@example.com,75,medium,0754-314903
821,Linus Brin,linus.brin@example.com,,high,0748-322339
822,Linus Pichai,linus.pichai@example.com,54,high,0740-553455
823,Elon Nadella,elon.nadella@example.com,74,high,0746-734176
824,Linus Pichai,linus.pichai@example.com,97,medium,0789-814731
825,Sundar Nadella,sundar.nadella@example.com,62,medium,0715-890786
826,Sergey Zuckerberg,sergey.zuckerberg@example.com,,high,0747-269127
827,Sergey Nadella,sergey.nadella@example.com,,medium,0739-307894
828,Elon Jobs,invalid_email,74,high,0774-832795
829,Mark Page,invalid_email,91,low,0760-986810
830,Linus Brin,linus.brin@example.com,2,low,0714-781386
831,Bill Jobs,bill.jobs@example.com,83,high,0731-109177
832,Bill Jobs,bill.jobs@example.com,6,medium,0778-823728
833,Bill Gates,bill.gates@example.com,65,low,0798-395671
834,Bill Jobs,bill.jobs@example.com,95,low,0783-992025
835,Bill Zuckerberg,bill.zuckerberg@example.com,6,high,0776-832138
836,Steve Torvalds,steve.torvalds@example.com,15,medium,0773-393014
837,Steve Jobs,steve.jobs@example.com,51,high,0793-988231
838,Larry Nadella,larry.nadella@example.com,,high,0711-371391
839,Elon Pichai,elon.pichai@example.com,94,high,0732-623580
840,Mark Brin,invalid_email,,medium,0718-417689
841,Mark Zuckerberg,mark.zuckerberg@example.com,,medium,0756-425709
842,Elon Musk,elon.musk@example.com,68,medium,0731-747077
843,Linus Pichai,linus.pichai@example.com,27,medium,0723-540144
844,Sundar Nadella,sundar.nadella@example.com,,low,0742-883806
845,Linus Jobs,invalid_email,19,high,0721-105388
846,Sundar Brin,sundar.brin@example.com,48,high,0781-391021
847,Satya Torvalds,satya.torvalds@example.com,,medium,0762-245640
848,Satya Musk,satya.musk@example.com,70,medium,0745-796542
849,Larry Pichai,larry.pichai@example.com,98,high,0793-253681
850,Mark Nadella,mark.nadella@example.com,61,low,0797-754192
851,Bill Brin,bill.brin@example.com,79,low,0757-632914
852,Bill Jobs,bill.jobs@example.com,,high,0718-793614
853,Bill Musk,bill.musk@example.com,16,low,0798-889472
854,Jeff Brin,jeff.brin@example.com,14,high,0740-631812
855,Bill Torvalds,bill.torvalds@example.com,60,high,0776-113796
856,Steve Page,steve.page@example.com,37,medium,0774-108019
857,Mark Brin,mark.brin@example.com,59,low,0772-761829
858,Larry Nadella,invalid_email,,low,0726-915198
859,Elon Musk,invalid_email,17,high,0798-157529
860,Jeff Jobs,jeff.jobs@example.com,70,high,0746-832653
861,Elon Pichai,elon.pichai@example.com,,low,0748-142989
862,Linus Musk,linus.musk@example.com,57,high,0724-453377
863,Larry Brin,invalid_email,49,medium,0782-614824
864,Jeff Brin,jeff.brin@example.com,68,medium,0743-843922
865,Mark Nadella,mark.nadella@example.com,,low,0760-742694
866,Jeff Musk,jeff.musk@example.com,18,medium,0750-116627
867,Sergey Brin,sergey.brin@example.com,68,high,0753-742600
868,Jeff Musk,jeff.musk@example.com,23,low,0772-533080
869,Jeff Zuckerberg,invalid_email,53,high,0735-610846
870,Larry Zuckerberg,larry.zuckerberg@example.com,9,high,0795-512360
871,Elon Zuckerberg,elon.zuckerberg@example.com,100,low,0745-242731
872,Jeff Bezos,invalid_email,,medium,0794-958115
873,Jeff Brin,jeff.brin@example.com,,low,0731-757234
874,Larry Gates,larry.gates@example.com,49,low,0775-807763
875,Mark Brin,mark.brin@example.com,75,high,0730-398923
876,Mark Gates,mark.gates@example.com,60,medium,0796-479123
877,Elon Gates,elon.gates@example.com,,low,0738-461771
878,Bill Musk,bill.musk@example.com,100,medium,0791-970087
879,Jeff Pichai,jeff.pichai@example.com,96,high,0754-831798
880,Steve Torvalds,steve.torvalds@example.com,48,medium,0762-276545
881,Sundar Bezos,sundar.bezos@example.com,78,medium,0774-138690
882,Sergey Musk,sergey.musk@example.com,34,low,0793-345880
883,Linus Bezos,linus.bezos@example.com,6,low,0780-584044
884,Satya Torvalds,satya.torvalds@example.com,66,medium,0770-477225
885,Steve Bezos,steve.bezos@example.com,60,medium,0763-478041
886,Elon Torvalds,elon.torvalds@example.com,20,medium,0762-772628
887,Elon Zuckerberg,invalid_email,,low,0736-649009
888,Larry Gates,larry.gates@example.com,,low,0759-857652
889,Mark Pichai,mark.pichai@example.com,75,low,0791-154420
890,Larry Gates,larry.gates@example.com,9,high,0782-106558
891,Satya Zuckerberg,satya.zuckerberg@example.com,31,high,0785-572864
892,Bill Brin,bill.brin@example.com,12,high,0780-998289
893,Larry Gates,larry.gates@example.com,48,high,0768-583550
894,Jeff Zuckerberg,jeff.zuckerberg@example.com,92,low,0721-309604
895,Elon Zuckerberg,elon.zuckerberg@example.com,41,high,0759-838123
896,Linus Pichai,linus.pichai@example.com,76,medium,0750-871024
897,Sergey Gates,sergey.gates@example.com,50,medium,0747-166221
898,Linus Gates,linus.gates@example.com,97,high,0717-323871
899,Bill Jobs,bill.jobs@example.com,45,low,0798-691638
900,Sundar Gates,sundar.gates@example.com,,medium,0737-950205
901,Elon Page,elon.page@example.com,38,high,0744-505974
902,Sergey Pichai,invalid_email,92,high,0726-177550
903,Mark Nadella,invalid_email,80,high,0758-961942
904,Elon Pichai,elon.pichai@example.com,,high,0793-584255
905,Sergey Gates,sergey.gates@example.com,10,high,0726-215141
906,Linus Musk,invalid_email,91,high,0744-190441
907,Sergey Musk,sergey.musk@example.com,50,low,0731-552574
908,Elon Torvalds,elon.torvalds@example.com,,medium,0712-435353
909,Mark Musk,mark.musk@example.com,87,high,0755-393757
910,Satya Pichai,satya.pichai@example.com,37,medium,0799-128574
911,Bill Brin,bill.brin@example.com,87,medium,0784-486353
912,Linus Bezos,linus.bezos@example.com,69,low,0732-488704
913,Sergey Musk,sergey.musk@example.com,55,medium,0710-464586
914,Satya Nadella,satya.nadella@example.com,,high,0797-635212
915,Sergey Bezos,sergey.bezos@example.com,27,high,0789-907942
916,Satya Zuckerberg,satya.zuckerberg@example.com,26,low,0741-119601
917,Linus Nadella,linus.nadella@example.com,,high,0757-964383
918,Sundar Pichai,sundar.pichai@example.com,,low,0732-274847
919,Bill Torvalds,bill.torvalds@example.com,62,low,0720-124916
920,Mark Page,mark.page@example.com,36,medium,0761-380202
921,Bill Zuckerberg,bill.zuckerberg@example.com,36,low,0734-526514
922,Bill Jobs,bill.jobs@example.com,,medium,0772-821963
923,Sundar Pichai,invalid_email,5,medium,0786-603399
924,Mark Jobs,mark.jobs@example.com,75,low,0714-431926
925,Sundar Jobs,invalid_email,38,high,0727-660898
926,Linus Jobs,linus.jobs@example.com,72,medium,0775-774145
927,Larry Bezos,larry.bezos@example.com,65,medium,0795-433605
928,Steve Nadella,steve.nadella@example.com,78,low,0729-727124
929,Mark Nadella,mark.nadella@example.com,58,medium,0764-557630
930,Steve Pichai,invalid_email,90,medium,0725-834995
931,Bill Bezos,invalid_email,29,medium,0734-563477
932,Bill Pichai,bill.pichai@example.com,52,low,0752-986014
933,Sergey Zuckerberg,sergey.zuckerberg@example.com,,medium,0755-107316
934,Larry Brin,larry.brin@example.com,,high,0776-851442
935,Jeff Torvalds,jeff.torvalds@example.com,20,high,0790-598976
936,Bill Jobs,invalid_email,17,low,0793-425353
937,Satya Pichai,invalid_email,30,low,0710-606181
938,Sergey Bezos,invalid_email,19,high,0714-301762
939,Steve Brin,steve.brin@example.com,,low,0749-396355
940,Sergey Nadella,sergey.nadella@example.com,1,high,0728-234021
941,Sergey Gates,sergey.gates@example.com,60,high,0764-782566
942,Linus Brin,linus.brin@example.com,83,medium,0796-607627
943,Sundar Torvalds,sundar.torvalds@example.com,25,low,0752-351812
944,Mark Nadella,mark.nadella@example.com,,high,0741-812042
945,Bill Zuckerberg,bill.zuckerberg@example.com,26,high,0721-803581
946,Elon Zuckerberg,elon.zuckerberg@example.com,54,low,0762-896198
947,Elon Bezos,elon.bezos@example.com,66,low,0787-669926
948,Larry Page,invalid_email,0,medium,0725-696901
949,Steve Zuckerberg,steve.zuckerberg@example.com,,low,0776-161271
950,Elon Nadella,elon.nadella@example.com,39,high,0773-299115
951,Mark Page,mark.page@example.com,41,low,0775-261171
952,Steve Nadella,steve.nadella@example.com,5,high,0771-287445
953,Mark Bezos,mark.bezos@example.com,39,high,0761-899457
954,Steve Gates,steve.gates@example.com,53,low,0794-839983
955,Sergey Brin,sergey.brin@example.com,48,low,0721-202190
956,Larry Torvalds,larry.torvalds@example.com,,low,0734-803931
957,Elon Musk,invalid_email,56,low,0728-225783
958,Mark Brin,mark.brin@example.com,34,medium,0721-475149
959,Linus Page,linus.page@example.com,40,medium,0763-728900
960,Jeff Gates,jeff.gates@example.com,,medium,0775-898797
961,Steve Pichai,steve.pichai@example.com,10,medium,0753-879446
962,Sergey Musk,sergey.musk@example.com,14,medium,0745-627140
963,Mark Page,mark.page@example.com,64,medium,0714-981525
964,Sergey Nadella,sergey.nadella@example.com,62,low,0762-296422
965,Elon Nadella,elon.nadella@example.com,,medium,0737-312890
966,Satya Brin,satya.brin@example.com,64,low,0797-784889
967,Steve Jobs,steve.jobs@example.com,,medium,0796-375045
968,Jeff Zuckerberg,jeff.zuckerberg@example.com,43,medium,0792-800489
969,Sergey Pichai,sergey.pichai@example.com,35,medium,0728-221854
970,Sundar Pichai,sundar.pichai@example.com,59,medium,0727-730340
971,Sergey Torvalds,sergey.torvalds@example.com,93,high,0788-993506
972,Elon Page,elon.page@example.com,18,low,0764-739178
973,Elon Page,invalid_email,35,low,0721-334348
974,Steve Page,steve.page@example.com,1,medium,0791-734598
975,Elon Jobs,elon.jobs@example.com,83,high,0736-425967
976,Sergey Brin,invalid_email,78,medium,0769-451980
977,Steve Zuckerberg,steve.zuckerberg@example.com,75,low,0745-421669
978,Mark Jobs,invalid_email,29,high,0710-799467
979,Mark Nadella,invalid_email,,medium,0767-472467
980,Steve Jobs,steve.jobs@example.com,86,low,0740-819083
981,Bill Zuckerberg,bill.zuckerberg@example.com,37,high,0796-204943
982,Mark Bezos,mark.bezos@example.com,,low,0729-722522
983,Larry Torvalds,larry.torvalds@example.com,58,high,0740-768838
984,Sergey Brin,sergey.brin@example.com,94,medium,0738-775733
985,Elon Nadella,elon.nadella@example.com,11,low,0789-725801
986,Bill Torvalds,bill.torvalds@example.com,58,low,0734-453317
987,Sergey Nadella,sergey.nadella@example.com,13,high,0763-359623
988,Jeff Nadella,jeff.nadella@example.com,54,low,0754-345901
989,Sergey Zuckerberg,sergey.zuckerberg@example.com,31,high,0738-366176
990,Steve Jobs,steve.jobs@example.com,,medium,0724-806548
991,Steve Gates,invalid_email,2,high,0751-901617
992,Bill Torvalds,bill.torvalds@example.com,65,high,0738-992419
993,Jeff Nadella,jeff.nadella@example.com,,medium,0758-478070
994,Linus Musk,linus.musk@example.com,22,high,0731-360922
995,Satya Bezos,satya.bezos@example.com,,high,0747-599476
996,Bill Pichai,bill.pichai@example.com,,low,0767-627436
997,Satya Torvalds,satya.torvalds@example.com,94,high,0739-488394
998,Sergey Gates,sergey.gates@example.com,33,medium,0797-920476
999,Sergey Jobs,sergey.jobs@example.com,29,high,0791-108864
1000,Bill Torvalds,invalid_email,26,medium,0719-967548
